{
  "dataset": "lavdf",
  "num_samples": 500,
  "num_real": 136,
  "num_fake": 364,
  "best_threshold": 0.44,
  "metrics_at_0.50": {
    "threshold": 0.5,
    "precision": 0.9449152542372882,
    "recall": 0.6126373626373627,
    "f1": 0.7433333333333335,
    "accuracy": 0.692,
    "tp": 223,
    "tn": 123,
    "fp": 13,
    "fn": 141
  },
  "metrics_at_best_t": {
    "threshold": 0.44,
    "precision": 0.8776041666666666,
    "recall": 0.9258241758241759,
    "f1": 0.9010695187165775,
    "accuracy": 0.852,
    "tp": 337,
    "tn": 89,
    "fp": 47,
    "fn": 27
  },
  "balanced_metrics_at_0.50": {
    "threshold": 0.5,
    "precision": 0.8712871287128713,
    "recall": 0.6470588235294118,
    "f1": 0.7426160337552743,
    "accuracy": 0.7757352941176471,
    "tp": 88,
    "tn": 123,
    "fp": 13,
    "fn": 48
  },
  "balanced_metrics_at_best_t": {
    "threshold": 0.44,
    "precision": 0.7298850574712644,
    "recall": 0.9338235294117647,
    "f1": 0.8193548387096775,
    "accuracy": 0.7941176470588235,
    "tp": 127,
    "tn": 89,
    "fp": 47,
    "fn": 9
  }
}