{
    "checkpoint": "checkpoints/best_model_combined.pth",
    "dataset": "fakeavceleb",
    "selection_metric": "f1",
    "optimal_threshold": 0.9600000000000001,
    "validation_best_f1_threshold": 0.9600000000000001,
    "validation_best_balanced_acc_threshold": 0.9600000000000001,
    "test_results_at_0.50": {
        "threshold": 0.5,
        "accuracy": 0.67,
        "precision": 0.6024096385542169,
        "recall": 1.0,
        "f1": 0.7518796992481204,
        "balanced_accuracy": 0.67,
        "tp": 50,
        "tn": 17,
        "fp": 33,
        "fn": 0
    },
    "test_results_at_selected_t": {
        "threshold": 0.9600000000000001,
        "accuracy": 0.82,
        "precision": 0.7424242424242424,
        "recall": 0.98,
        "f1": 0.8448275862068965,
        "balanced_accuracy": 0.8200000000000001,
        "tp": 49,
        "tn": 33,
        "fp": 17,
        "fn": 1
    },
    "test_results_at_best_val_f1_t": {
        "threshold": 0.9600000000000001,
        "accuracy": 0.82,
        "precision": 0.7424242424242424,
        "recall": 0.98,
        "f1": 0.8448275862068965,
        "balanced_accuracy": 0.8200000000000001,
        "tp": 49,
        "tn": 33,
        "fp": 17,
        "fn": 1
    },
    "test_results_at_best_val_bal_acc_t": {
        "threshold": 0.9600000000000001,
        "accuracy": 0.82,
        "precision": 0.7424242424242424,
        "recall": 0.98,
        "f1": 0.8448275862068965,
        "balanced_accuracy": 0.8200000000000001,
        "tp": 49,
        "tn": 33,
        "fp": 17,
        "fn": 1
    }
}